,Killer,Num,Perc
0,BiGgweeb,957.0,1.723982634072526
1,STRAZO,741.0,1.3348705661940876
2,Krashgamer,488.0,0.8791050422438795
3,Neroga,479.0,0.8628920394156114
4,Miggers,455.0,0.819657365206896
5,BentsiW,341.0,0.6142926627154978
6,Reckinq_touchpad,305.0,0.5494406514024247
7,Conjo_,269.0,0.4845886400893517
8,0xify,262.0,0.4719785267784764
9,GodOf4b4t,259.0,0.4665741925023869
10,SankuGG,224.0,0.40352362594801033
11,omegasbeve,203.0,0.36569328601538437
12,SaIC1,178.0,0.3206571670479725
13,SamTheEgrill,174.0,0.31345138801318656
14,BrutalTorture,167.0,0.30084127470231126
15,Flashylol,163.0,0.2936354956675254
16,ScoobyDooPimp,154.0,0.2774224928392571
17,HyperReaper123,146.0,0.2630109347696853
18,PoolCoder,141.0,0.2540037109762029
19,KP0C,109.0,0.19635747869791573
20,TankTunder,107.0,0.1927545891805228
21,nikolas4603,106.0,0.1909531444218263
22,shumin11,105.0,0.18915169966312984
23,Shrando,103.0,0.18554881014573688
24,Raisin_Dan,98.0,0.1765415863522545
25,Actness,92.0,0.16573291780007565
26,Max_Powers_Full,90.0,0.1621300282826827
27,Cuby96,87.0,0.15672569400659328
28,CROHectany,83.0,0.1495199149718074
29,xXfrozen_milkXx,82.0,0.1477184702131109
30,DawsonBeard,80.0,0.14411558069571798
31,Relbu,80.0,0.14411558069571798
32,pr0lapse,77.0,0.13871124641962854
33,Sparkey096,77.0,0.13871124641962854
34,Therhskel,77.0,0.13871124641962854
35,MrLeevee,74.0,0.13330691214353912
36,ExtraIcy,71.0,0.12790257786744968
37,13oclock,70.0,0.12610113310875323
38,ShatteredHej,69.0,0.12429968835005675
39,FeSis,69.0,0.12429968835005675
40,J33n,68.0,0.12249824359136026
41,iEmirYILDIRIM,67.0,0.12069679883266379
42,lightDreaming,66.0,0.11889535407396733
43,Bl0ngus,62.0,0.11168957503918141
44,enox101,62.0,0.11168957503918141
45,ELIGAVARGEN,61.0,0.10988813028048494
46,imabum,61.0,0.10988813028048494
47,Alaskatim,58.0,0.10448379600439552
48,h1a,57.0,0.10268235124569905
49,ido_v,56.0,0.10088090648700258
50,BigWillyBilly666,56.0,0.10088090648700258
51,stilwall,56.0,0.10088090648700258
52,DorSchnetzler,55.0,0.09907946172830609
53,HP0C,55.0,0.09907946172830609
54,laundmo,53.0,0.09547657221091314
55,julien78790,52.0,0.09367512745221668
56,Killet,52.0,0.09367512745221668
57,unkelcheez,51.0,0.0918736826935202
58,YoKdsGetOfMaLwn,51.0,0.0918736826935202
59,DarkSoulSK,51.0,0.0918736826935202
60,DragonFlames10,49.0,0.08827079317612725
61,Crazy_Ninja_Kid,49.0,0.08827079317612725
62,Pluthorium,49.0,0.08827079317612725
63,AwesomeJosh2695,49.0,0.08827079317612725
64,He4rtle55,48.0,0.08646934841743077
65,Ordinary_Avocado,47.0,0.0846679036587343
66,ZeProf2Minato,46.0,0.08286645890003783
67,Pugyovv,46.0,0.08286645890003783
68,MintTM,43.0,0.0774621246239484
69,iMG00D,43.0,0.0774621246239484
70,om211,42.0,0.07566067986525193
71,39Y,42.0,0.07566067986525193
72,PussyDestroyer,40.0,0.07205779034785899
73,ScarletSinon,39.0,0.07025634558916251
74,jimmyjohns451,38.0,0.06845490083046604
75,m3thh,38.0,0.06845490083046604
76,Oszku,37.0,0.06665345607176956
77,Fluffydog51,36.0,0.06485201131307308
78,Smolegit,36.0,0.06485201131307308
79,KingCarnelian,35.0,0.06305056655437662
80,OJcoolaid,34.0,0.06124912179568013
81,JotaroIsMyDaddy,34.0,0.06124912179568013
82,Tomad,34.0,0.06124912179568013
83,AwkwardPotLag,34.0,0.06124912179568013
84,SovietUni0n,33.0,0.059447677036983664
85,OneSadRatard,32.0,0.057646232278287184
86,FacelessManRuin,32.0,0.057646232278287184
87,aGermanBoi,32.0,0.057646232278287184
88,CastleCrafterLP,32.0,0.057646232278287184
89,Gopro336,32.0,0.057646232278287184
90,n1ggerlover,31.0,0.055844787519590704
91,Drop_JPG,31.0,0.055844787519590704
92,DimeZero,31.0,0.055844787519590704
93,leovo909,30.0,0.05404334276089424
94,AV0CAT,30.0,0.05404334276089424
95,BarenDome,29.0,0.05224189800219776
96,Finnthehumanlol,29.0,0.05224189800219776
97,Sandy_08,29.0,0.05224189800219776
98,Malworthy,29.0,0.05224189800219776
99,ItsGoingGood,29.0,0.05224189800219776
100,P3TR0,28.0,0.05044045324350129
101,SuhhhDuuude,28.0,0.05044045324350129
102,MacsModz,27.0,0.04863900848480481
103,BlockBuster2k170,26.0,0.04683756372610834
104,DaKIng45,26.0,0.04683756372610834
105,ConciseBlock,26.0,0.04683756372610834
106,XRG_Gaming,25.0,0.04503611896741186
107,Taqhesiquan,25.0,0.04503611896741186
108,SyndicateNA,24.0,0.043234674208715386
109,pyro_neer,24.0,0.043234674208715386
110,RoomyGruffalo,24.0,0.043234674208715386
111,dangel441,24.0,0.043234674208715386
112,soppa12345,24.0,0.043234674208715386
113,jqq,24.0,0.043234674208715386
114,Dacaly,23.0,0.04143322945001891
115,DiscordPings,23.0,0.04143322945001891
116,ElodinA,22.0,0.03963178469132244
117,Kriptoll,22.0,0.03963178469132244
118,PandaBearUwU,22.0,0.03963178469132244
119,pl3,22.0,0.03963178469132244
120,Mark_Dog,22.0,0.03963178469132244
121,Big__Grin,22.0,0.03963178469132244
122,Leriella_,22.0,0.03963178469132244
123,DeceiverSquad,22.0,0.03963178469132244
124,mmuuli,21.0,0.03783033993262597
125,DefaulTMC,21.0,0.03783033993262597
126,deathcopter,21.0,0.03783033993262597
127,Tjga,21.0,0.03783033993262597
128,Tertann,20.0,0.036028895173929494
129,REDSTONEboots,20.0,0.036028895173929494
130,IHackedXVIDEOs,20.0,0.036028895173929494
131,ARZI1,20.0,0.036028895173929494
132,dinosaurwizard,20.0,0.036028895173929494
133,gamer58147,20.0,0.036028895173929494
134,YaBoiH3LIXV2,20.0,0.036028895173929494
135,PFCalixa,20.0,0.036028895173929494
136,Viktisen,19.0,0.03422745041523302
137,unbound__,19.0,0.03422745041523302
138,LvSyncLv,18.0,0.03242600565653654
139,FlytoNorway,18.0,0.03242600565653654
140,RandomUser8192,18.0,0.03242600565653654
141,Animewaffle,18.0,0.03242600565653654
142,ChillyDogs,18.0,0.03242600565653654
143,ZxFireBoxZx,18.0,0.03242600565653654
144,Colbenstein,18.0,0.03242600565653654
145,2603semko,18.0,0.03242600565653654
146,The4b4tPolice,17.0,0.030624560897840065
147,starowesky,17.0,0.030624560897840065
148,Nullcore_Money,17.0,0.030624560897840065
149,csisDustin,16.0,0.028823116139143592
150,Finvi,16.0,0.028823116139143592
151,Caynckle,16.0,0.028823116139143592
152,akaron,16.0,0.028823116139143592
153,pigarms,16.0,0.028823116139143592
154,CaptainJam,15.0,0.02702167138044712
155,Bubba146,15.0,0.02702167138044712
156,rasch4,15.0,0.02702167138044712
157,zTiewDusNews,15.0,0.02702167138044712
158,banana_jeff,15.0,0.02702167138044712
159,kaimir,15.0,0.02702167138044712
160,Ninnbot,14.0,0.025220226621750646
161,Xqzc,14.0,0.025220226621750646
162,FallsGreen,14.0,0.025220226621750646
163,SpaceAgeFlamingo,14.0,0.025220226621750646
164,ladytorrens,14.0,0.025220226621750646
165,MrMagoo109,14.0,0.025220226621750646
166,EliteCrystal,14.0,0.025220226621750646
167,ItsConnorGL,14.0,0.025220226621750646
168,ItsPigeons,13.0,0.02341878186305417
169,J9A,13.0,0.02341878186305417
170,Cheesylol69,13.0,0.02341878186305417
171,MasterFuega,13.0,0.02341878186305417
172,Kim_Jong_Nig,13.0,0.02341878186305417
173,r333mo,12.0,0.021617337104357693
174,SoulHeartRealm,12.0,0.021617337104357693
175,ieatpaintttt,12.0,0.021617337104357693
176,fakelags,12.0,0.021617337104357693
177,Cakeilsi3,12.0,0.021617337104357693
178,Radik202,12.0,0.021617337104357693
179,EyepAddress,12.0,0.021617337104357693
180,top_kek,12.0,0.021617337104357693
181,DoubleSpexon,12.0,0.021617337104357693
182,redneckSNIPER60,12.0,0.021617337104357693
183,FIonder,11.0,0.01981589234566122
184,PapaKappa,11.0,0.01981589234566122
185,jpie726,11.0,0.01981589234566122
186,AstolfoBae,11.0,0.01981589234566122
187,CowardlyElf,11.0,0.01981589234566122
188,Shulker_Box_Give,11.0,0.01981589234566122
189,CaspergamezYT,11.0,0.01981589234566122
190,KINGLYz,10.0,0.018014447586964747
191,moosheking,10.0,0.018014447586964747
192,CutieCookieMC,10.0,0.018014447586964747
193,PikaGirl05,10.0,0.018014447586964747
194,NESmp3,10.0,0.018014447586964747
195,DBlockEurope,10.0,0.018014447586964747
196,Peanut_Kearns,10.0,0.018014447586964747
197,SaldoniaMyAss,10.0,0.018014447586964747
198,_Physalis_,10.0,0.018014447586964747
199,JakethasnakesALT,10.0,0.018014447586964747
200,NBNT,10.0,0.018014447586964747
201,4Cent_Garbage,10.0,0.018014447586964747
202,P1nkE_,9.0,0.01621300282826827
203,PearsWithGluten,9.0,0.01621300282826827
204,whasp,9.0,0.01621300282826827
205,Hanspeter007x,9.0,0.01621300282826827
206,h_For_hi,9.0,0.01621300282826827
207,ghi5,9.0,0.01621300282826827
208,CyberMemes,9.0,0.01621300282826827
209,Goujon_,9.0,0.01621300282826827
210,kinglyzalt3,9.0,0.01621300282826827
211,Amin0Acid,9.0,0.01621300282826827
212,Mcowo,9.0,0.01621300282826827
213,EPIC_GAMES,9.0,0.01621300282826827
214,MrMenopause,8.0,0.014411558069571796
215,Workroom,8.0,0.014411558069571796
216,Nicketic,8.0,0.014411558069571796
217,Crimson5266,8.0,0.014411558069571796
218,veggydip,8.0,0.014411558069571796
219,Jvlivs_Kaesar,8.0,0.014411558069571796
220,33333333333335,8.0,0.014411558069571796
221,FryRocko,8.0,0.014411558069571796
222,mizuki0411,8.0,0.014411558069571796
223,Deze_Sem,8.0,0.014411558069571796
224,Jakethasnake52,8.0,0.014411558069571796
225,Gordon_Ramsaay,7.0,0.012610113310875323
226,nathanreed,7.0,0.012610113310875323
227,SeppEisi,7.0,0.012610113310875323
228,iron_ripper4,7.0,0.012610113310875323
229,SixGorillion,7.0,0.012610113310875323
230,Lev_Myskin,7.0,0.012610113310875323
231,That_Eboy,7.0,0.012610113310875323
232,coyoteman34,7.0,0.012610113310875323
233,LukeBuck,7.0,0.012610113310875323
234,vYqURTroC7,7.0,0.012610113310875323
235,FreakyThought,7.0,0.012610113310875323
236,josemari676,7.0,0.012610113310875323
237,zanasLTU,7.0,0.012610113310875323
238,skythekidrs59,7.0,0.012610113310875323
239,Alusim,7.0,0.012610113310875323
240,SaladAirplane71,7.0,0.012610113310875323
241,Guag,7.0,0.012610113310875323
242,_Majora_,7.0,0.012610113310875323
243,MineHacksCo,7.0,0.012610113310875323
244,Gamerkav,7.0,0.012610113310875323
245,Harpsichord37,7.0,0.012610113310875323
246,Zoiin,7.0,0.012610113310875323
247,Dipsmack,7.0,0.012610113310875323
248,Boykinisboss,7.0,0.012610113310875323
249,Jamiec1130,6.0,0.010808668552178846
250,LeDrago27,6.0,0.010808668552178846
251,CaptainRedRanger,6.0,0.010808668552178846
252,Antidissmist,6.0,0.010808668552178846
253,PhantomGuy,6.0,0.010808668552178846
254,NFo,6.0,0.010808668552178846
255,kymlaarmc,6.0,0.010808668552178846
256,Wxbbs,6.0,0.010808668552178846
257,WarPhoenix2468,6.0,0.010808668552178846
258,Ducko_Man,6.0,0.010808668552178846
259,C471,6.0,0.010808668552178846
260,Wexin,6.0,0.010808668552178846
261,calebbek04,6.0,0.010808668552178846
262,JolyneKujoo,6.0,0.010808668552178846
263,upkaz,6.0,0.010808668552178846
264,Dennik2000,6.0,0.010808668552178846
265,Jalapeno690,6.0,0.010808668552178846
266,The_chose_n_one,6.0,0.010808668552178846
267,Just_Pepsi,6.0,0.010808668552178846
268,IroYoshi,6.0,0.010808668552178846
269,MrToffeePancake,6.0,0.010808668552178846
270,Freddie_,6.0,0.010808668552178846
271,CaptainJack3034,6.0,0.010808668552178846
272,JenoTech,6.0,0.010808668552178846
273,JarOfMana,6.0,0.010808668552178846
274,zzlolzzxD,6.0,0.010808668552178846
275,PandahPandah,6.0,0.010808668552178846
276,snoh666,6.0,0.010808668552178846
277,Clownman,5.0,0.009007223793482374
278,MoaFiuccia,5.0,0.009007223793482374
279,Kath4rSis,5.0,0.009007223793482374
280,AstonStinkMonkey,5.0,0.009007223793482374
281,dragonskull8,5.0,0.009007223793482374
282,Gidgy,5.0,0.009007223793482374
283,Der_Gian,5.0,0.009007223793482374
284,gaums,5.0,0.009007223793482374
285,idqn,5.0,0.009007223793482374
286,KingGlac,5.0,0.009007223793482374
287,x8h,5.0,0.009007223793482374
288,Deilek,5.0,0.009007223793482374
289,Lerks,5.0,0.009007223793482374
290,zX_Murky_Xz,5.0,0.009007223793482374
291,buildinthehills,5.0,0.009007223793482374
292,pandazle,5.0,0.009007223793482374
293,Duck284,5.0,0.009007223793482374
294,Hawshieto_,5.0,0.009007223793482374
295,puupoju8,5.0,0.009007223793482374
296,PheonixSC,5.0,0.009007223793482374
297,Sythodom,5.0,0.009007223793482374
298,Axolove,5.0,0.009007223793482374
299,SkippyJonJoe,5.0,0.009007223793482374
300,ps3eroom,5.0,0.009007223793482374
301,Doomguy34,5.0,0.009007223793482374
302,hopfroggiego,5.0,0.009007223793482374
303,turtlepig84,5.0,0.009007223793482374
304,jackdel11,5.0,0.009007223793482374
305,Quana,5.0,0.009007223793482374
306,Za_Zed,5.0,0.009007223793482374
307,lebruhmomento,5.0,0.009007223793482374
308,13I2,5.0,0.009007223793482374
309,TAEFED,5.0,0.009007223793482374
310,DuranGan,5.0,0.009007223793482374
311,pbuh,5.0,0.009007223793482374
312,Adelf_Tiller,5.0,0.009007223793482374
313,manu2107el,5.0,0.009007223793482374
314,christonFTW,5.0,0.009007223793482374
315,coolecorne123,5.0,0.009007223793482374
316,HyperReaperX,5.0,0.009007223793482374
317,TonyLongo,5.0,0.009007223793482374
318,Rimgal2005,4.0,0.007205779034785898
319,Kirschbert3,4.0,0.007205779034785898
320,CableNewsNetwork,4.0,0.007205779034785898
321,SoundWave1212,4.0,0.007205779034785898
322,GH0STM4NE,4.0,0.007205779034785898
323,alexero007,4.0,0.007205779034785898
324,TheFartTrain,4.0,0.007205779034785898
325,glowman434,4.0,0.007205779034785898
326,RoachClip,4.0,0.007205779034785898
327,HitMeMuffins,4.0,0.007205779034785898
328,SkywalkersBlade,4.0,0.007205779034785898
329,toa_st,4.0,0.007205779034785898
330,owobarto,4.0,0.007205779034785898
331,D2ve,4.0,0.007205779034785898
332,ForeverBadinek,4.0,0.007205779034785898
333,FireHawk92,4.0,0.007205779034785898
334,Zooked_,4.0,0.007205779034785898
335,addisonnnnn,4.0,0.007205779034785898
336,hhaii,4.0,0.007205779034785898
337,MelooC,4.0,0.007205779034785898
338,Bellabong5,4.0,0.007205779034785898
339,buruccum51,4.0,0.007205779034785898
340,ViBrAntDiVeRSiTy,4.0,0.007205779034785898
341,JustBenny_,4.0,0.007205779034785898
342,decollate,4.0,0.007205779034785898
343,KocarCze,4.0,0.007205779034785898
344,Autisims,4.0,0.007205779034785898
345,Egon25,4.0,0.007205779034785898
346,maggut,4.0,0.007205779034785898
347,mininis,4.0,0.007205779034785898
348,Vorxynator,4.0,0.007205779034785898
349,Ynonne,4.0,0.007205779034785898
350,DISTXRTIXN,4.0,0.007205779034785898
351,Slammer_12,4.0,0.007205779034785898
352,Fraesshair,4.0,0.007205779034785898
353,mcrcortex,4.0,0.007205779034785898
354,Bitbees,4.0,0.007205779034785898
355,Michalis02ru,4.0,0.007205779034785898
356,NameNet,4.0,0.007205779034785898
357,BuddieGamer002,4.0,0.007205779034785898
358,Sehhann,4.0,0.007205779034785898
359,blacko123457,4.0,0.007205779034785898
360,Silver_archer_14,4.0,0.007205779034785898
361,Shawneeboi,4.0,0.007205779034785898
362,SonnyIsMario,4.0,0.007205779034785898
363,KrispyDreams,4.0,0.007205779034785898
364,Speltz,4.0,0.007205779034785898
365,Chinpachi,4.0,0.007205779034785898
366,_starbyte,4.0,0.007205779034785898
367,Gayface123_2k19,4.0,0.007205779034785898
368,Supreme_Memes,4.0,0.007205779034785898
369,Jorgos70,4.0,0.007205779034785898
370,stringcheeese,4.0,0.007205779034785898
371,Allu71,4.0,0.007205779034785898
372,MajorTZDMS,4.0,0.007205779034785898
373,ADI1203,4.0,0.007205779034785898
374,Rovean,4.0,0.007205779034785898
375,MaccazBra01,4.0,0.007205779034785898
376,CookieBlock05,4.0,0.007205779034785898
377,Taejunkang,4.0,0.007205779034785898
378,StormTroopers,4.0,0.007205779034785898
379,PyroHuman,4.0,0.007205779034785898
380,Josh_brown1995,4.0,0.007205779034785898
381,Spryc1,4.0,0.007205779034785898
382,TheLlamaGuy06,4.0,0.007205779034785898
383,projacti__,4.0,0.007205779034785898
384,realdeep,4.0,0.007205779034785898
385,MinisterOJustice,4.0,0.007205779034785898
386,JtheRED,4.0,0.007205779034785898
387,DonatMargareeta,4.0,0.007205779034785898
388,Jamie_Jim_Bob,4.0,0.007205779034785898
389,Theophan,4.0,0.007205779034785898
390,RoyalMarina,4.0,0.007205779034785898
391,readysetbananas,4.0,0.007205779034785898
392,SandyMander,4.0,0.007205779034785898
393,MetViper,3.0,0.005404334276089423
394,eyelll,3.0,0.005404334276089423
395,THE_BIG_AFRO,3.0,0.005404334276089423
396,BOMBIRIBOM,3.0,0.005404334276089423
397,Flametris,3.0,0.005404334276089423
398,Gamer_2511,3.0,0.005404334276089423
399,AnarkyBOT,3.0,0.005404334276089423
400,THICCpizzaroll,3.0,0.005404334276089423
401,GhostlyLemon,3.0,0.005404334276089423
402,DrainSnake,3.0,0.005404334276089423
403,tazed656,3.0,0.005404334276089423
404,Lukavodka,3.0,0.005404334276089423
405,MCgamer201,3.0,0.005404334276089423
406,Slimrald_King,3.0,0.005404334276089423
407,KowalskiTheKing,3.0,0.005404334276089423
408,INNOCENTCHILD001,3.0,0.005404334276089423
409,Y_2,3.0,0.005404334276089423
410,DaveyWavey10,3.0,0.005404334276089423
411,Artem10261,3.0,0.005404334276089423
412,Ben10n,3.0,0.005404334276089423
413,Spicah,3.0,0.005404334276089423
414,St0rmCr0w316,3.0,0.005404334276089423
415,RipTrain,3.0,0.005404334276089423
416,KubaM1998,3.0,0.005404334276089423
417,BlackRainbow734,3.0,0.005404334276089423
418,Tedybjorn,3.0,0.005404334276089423
419,LapisTheCat,3.0,0.005404334276089423
420,ynkker,3.0,0.005404334276089423
421,michaelkahler01,3.0,0.005404334276089423
422,Maximus3131,3.0,0.005404334276089423
423,Gambanera,3.0,0.005404334276089423
424,SamTheEboi,3.0,0.005404334276089423
425,8chan_,3.0,0.005404334276089423
426,Kim_Jong_Nigg,3.0,0.005404334276089423
427,RoboCraftHD,3.0,0.005404334276089423
428,Aquaticur,3.0,0.005404334276089423
429,N_O_T_C_H,3.0,0.005404334276089423
430,Digga_Man,3.0,0.005404334276089423
431,Silau86,3.0,0.005404334276089423
432,pusssybaconn,3.0,0.005404334276089423
433,gubbestor,3.0,0.005404334276089423
434,ElectraRaichu,3.0,0.005404334276089423
435,MarkusVLA,3.0,0.005404334276089423
436,ImAnEPIcGAMeRREe,3.0,0.005404334276089423
437,ghostman1,3.0,0.005404334276089423
438,Gruigi__,3.0,0.005404334276089423
439,Distracted_Donut,3.0,0.005404334276089423
440,Malidudle,3.0,0.005404334276089423
441,jokker122,3.0,0.005404334276089423
442,DEXsta101,3.0,0.005404334276089423
443,LeanSuperSam420,3.0,0.005404334276089423
444,GnomeMeneer,3.0,0.005404334276089423
445,xRealFox,3.0,0.005404334276089423
446,xpitipitx,3.0,0.005404334276089423
447,W8K,3.0,0.005404334276089423
448,fieryspirit06,3.0,0.005404334276089423
449,TriceratopsD,3.0,0.005404334276089423
450,StopLiving,3.0,0.005404334276089423
451,Doriun,3.0,0.005404334276089423
452,C3X,3.0,0.005404334276089423
453,Skiry,3.0,0.005404334276089423
454,chuck_shoulder,3.0,0.005404334276089423
455,dobem,3.0,0.005404334276089423
456,NeverRaid,3.0,0.005404334276089423
457,Rockyz,3.0,0.005404334276089423
458,Zolard,3.0,0.005404334276089423
459,DanTheMan_1992,3.0,0.005404334276089423
460,tmd55,3.0,0.005404334276089423
461,i8B,3.0,0.005404334276089423
462,Pikachu_Jacob,3.0,0.005404334276089423
463,gyokuro,3.0,0.005404334276089423
464,goldentoxicspenc,3.0,0.005404334276089423
465,U94,3.0,0.005404334276089423
466,DAVE1ST1,3.0,0.005404334276089423
467,Mrn0skill,3.0,0.005404334276089423
468,Majom_,3.0,0.005404334276089423
469,TheRealJacker,3.0,0.005404334276089423
470,iiiStrafe,3.0,0.005404334276089423
471,uhmmurky,3.0,0.005404334276089423
472,kikkerslikker,3.0,0.005404334276089423
473,PopTartsHDK,3.0,0.005404334276089423
474,DogWoodCorn,3.0,0.005404334276089423
475,HackAccusation,3.0,0.005404334276089423
476,LiamTheNinja5,3.0,0.005404334276089423
477,XWereWolfX56,3.0,0.005404334276089423
478,ShadowGuerilla,3.0,0.005404334276089423
479,dylanr47,3.0,0.005404334276089423
480,AndingMachine,3.0,0.005404334276089423
481,BOBBYTERREUR_69,3.0,0.005404334276089423
482,marju010,3.0,0.005404334276089423
483,probayy,3.0,0.005404334276089423
484,flaccidpancakes,3.0,0.005404334276089423
485,adb_,3.0,0.005404334276089423
486,NoisySpider,3.0,0.005404334276089423
487,LemonLime9000,3.0,0.005404334276089423
488,ItsMyPleasure,3.0,0.005404334276089423
489,C4RAMEL,3.0,0.005404334276089423
490,miner_pigeon,3.0,0.005404334276089423
491,LilPeepy,3.0,0.005404334276089423
492,kfan117,3.0,0.005404334276089423
493,f3r,3.0,0.005404334276089423
494,_raining___,3.0,0.005404334276089423
495,Elementin,3.0,0.005404334276089423
496,UselessRed,3.0,0.005404334276089423
497,defender4488,3.0,0.005404334276089423
498,RIPPERONInCHEEZ,3.0,0.005404334276089423
499,TwelveZip,3.0,0.005404334276089423
500,stvtus,3.0,0.005404334276089423
501,Twig_Drawter,3.0,0.005404334276089423
502,Skulls32,3.0,0.005404334276089423
503,Introvert_Talks,2.0,0.003602889517392949
504,Skeppy_lol_lol,2.0,0.003602889517392949
505,Bozy_Slave,2.0,0.003602889517392949
506,Baishon_man,2.0,0.003602889517392949
507,YeehawOniichan,2.0,0.003602889517392949
508,TrashCanOlives,2.0,0.003602889517392949
509,gtv2006,2.0,0.003602889517392949
510,lehmasan,2.0,0.003602889517392949
511,Fetopia,2.0,0.003602889517392949
512,amp14,2.0,0.003602889517392949
513,Dare2Dare,2.0,0.003602889517392949
514,DefectiveJelly2,2.0,0.003602889517392949
515,Adrian_e_ok,2.0,0.003602889517392949
516,Hayenowaty,2.0,0.003602889517392949
517,BaKeMC,2.0,0.003602889517392949
518,Skellator04,2.0,0.003602889517392949
519,LAJ_,2.0,0.003602889517392949
520,DeltaDNer0,2.0,0.003602889517392949
521,CoolGuy5785,2.0,0.003602889517392949
522,Magnotti_,2.0,0.003602889517392949
523,wybitnywojciech,2.0,0.003602889517392949
524,stormcrafter2000,2.0,0.003602889517392949
525,Sh0n0,2.0,0.003602889517392949
526,EightD_,2.0,0.003602889517392949
527,9b9talt,2.0,0.003602889517392949
528,F_22_,2.0,0.003602889517392949
529,Amrit1,2.0,0.003602889517392949
530,Lauritss,2.0,0.003602889517392949
531,Chiefio,2.0,0.003602889517392949
532,0rthrus,2.0,0.003602889517392949
533,liliansta1,2.0,0.003602889517392949
534,BoatMeat,2.0,0.003602889517392949
535,techytips,2.0,0.003602889517392949
536,The_Doct0rHD,2.0,0.003602889517392949
537,Poly1305,2.0,0.003602889517392949
538,cr3eperall,2.0,0.003602889517392949
539,Happy_SkeppyRS,2.0,0.003602889517392949
540,Wyvern__,2.0,0.003602889517392949
541,Unbaguettable,2.0,0.003602889517392949
542,gagedude1211,2.0,0.003602889517392949
543,DGhouse,2.0,0.003602889517392949
544,DeadliestPixel,2.0,0.003602889517392949
545,WinchesterRifle,2.0,0.003602889517392949
546,Wips_,2.0,0.003602889517392949
547,Holy_Macintosh,2.0,0.003602889517392949
548,JinxyFFS,2.0,0.003602889517392949
549,FlinstoneGummyZ,2.0,0.003602889517392949
550,Ticaronda,2.0,0.003602889517392949
551,eyeyeyeyeyeyeye,2.0,0.003602889517392949
552,QuackL,2.0,0.003602889517392949
553,jaysho1,2.0,0.003602889517392949
554,Linki555,2.0,0.003602889517392949
555,perky35,2.0,0.003602889517392949
556,TheSlavGuy,2.0,0.003602889517392949
557,GiggityGoot,2.0,0.003602889517392949
558,Doge2000,2.0,0.003602889517392949
559,Rac00nzz,2.0,0.003602889517392949
560,254n_m,2.0,0.003602889517392949
561,Nomen_Est_Omen,2.0,0.003602889517392949
562,HazzaFPV,2.0,0.003602889517392949
563,Besar1355,2.0,0.003602889517392949
564,SliverSkull219,2.0,0.003602889517392949
565,thatisthebest,2.0,0.003602889517392949
566,Thomaslilli,2.0,0.003602889517392949
567,petergr1ff1n,2.0,0.003602889517392949
568,SjopieCraft_YT,2.0,0.003602889517392949
569,LegendVanVessum,2.0,0.003602889517392949
570,MrEDok,2.0,0.003602889517392949
571,GioGio15,2.0,0.003602889517392949
572,SkyMTF,2.0,0.003602889517392949
573,4ep,2.0,0.003602889517392949
574,Ethoon,2.0,0.003602889517392949
575,Masinary,2.0,0.003602889517392949
576,DimDimio,2.0,0.003602889517392949
577,nimwegen12345,2.0,0.003602889517392949
578,Trafalk,2.0,0.003602889517392949
579,Swayl,2.0,0.003602889517392949
580,allexapple,2.0,0.003602889517392949
581,Xo15,2.0,0.003602889517392949
582,Der_Lampe,2.0,0.003602889517392949
583,ZivaZano,2.0,0.003602889517392949
584,Swatable,2.0,0.003602889517392949
585,Archi3_,2.0,0.003602889517392949
586,Dord,2.0,0.003602889517392949
587,mr_fy,2.0,0.003602889517392949
588,Clapman919,2.0,0.003602889517392949
589,NinjaWillo360,2.0,0.003602889517392949
590,Projacti,2.0,0.003602889517392949
591,Marsamgamer,2.0,0.003602889517392949
592,reblin_panda,2.0,0.003602889517392949
593,123Jar456on2,2.0,0.003602889517392949
594,BombKPop,2.0,0.003602889517392949
595,dutchboi18,2.0,0.003602889517392949
596,DARKn1t,2.0,0.003602889517392949
597,Oisin__,2.0,0.003602889517392949
598,ZpeedyDonkey,2.0,0.003602889517392949
599,Petrica_MCPC,2.0,0.003602889517392949
600,xew0,2.0,0.003602889517392949
601,Tod_NL,2.0,0.003602889517392949
602,Endermite0800,2.0,0.003602889517392949
603,Snowuu,2.0,0.003602889517392949
604,BritishSons,2.0,0.003602889517392949
605,Christian6001,2.0,0.003602889517392949
606,Kannibale93,2.0,0.003602889517392949
607,Mighty_Worm,2.0,0.003602889517392949
608,DictaJack,2.0,0.003602889517392949
609,ChrissyBaas,2.0,0.003602889517392949
610,Jeen88,2.0,0.003602889517392949
611,GooseLord666,2.0,0.003602889517392949
612,ProVicio,2.0,0.003602889517392949
613,Hatotach,2.0,0.003602889517392949
614,Tucka91,2.0,0.003602889517392949
615,0994,2.0,0.003602889517392949
616,AnnoyingGoblin,2.0,0.003602889517392949
617,Masterjojojo,2.0,0.003602889517392949
618,A4D4,2.0,0.003602889517392949
619,AlonB,2.0,0.003602889517392949
620,Daboju,2.0,0.003602889517392949
621,xvideosman,2.0,0.003602889517392949
622,Breadberry,2.0,0.003602889517392949
623,TroTro_Rigolo,2.0,0.003602889517392949
624,Buller_ninja053,2.0,0.003602889517392949
625,DoRedstone69,2.0,0.003602889517392949
626,Akeyndo,2.0,0.003602889517392949
627,FuglyTurtle,2.0,0.003602889517392949
628,Budha4CZ,2.0,0.003602889517392949
629,nametocrafting,2.0,0.003602889517392949
630,MizzyTS,2.0,0.003602889517392949
631,Soulbond,2.0,0.003602889517392949
632,StacherBoi,2.0,0.003602889517392949
633,SporeCarrier,2.0,0.003602889517392949
634,EarlobeMan,2.0,0.003602889517392949
635,HengmoQT,2.0,0.003602889517392949
636,Dr_Despacti0,2.0,0.003602889517392949
637,Ryderz,2.0,0.003602889517392949
638,Killgamer811,2.0,0.003602889517392949
639,ali997,2.0,0.003602889517392949
640,iQuackeh,2.0,0.003602889517392949
641,epicjbug,2.0,0.003602889517392949
642,Dantilino,2.0,0.003602889517392949
643,PiggyP0,2.0,0.003602889517392949
644,BlLAL,2.0,0.003602889517392949
645,VanguardPanda,2.0,0.003602889517392949
646,Nakorme,2.0,0.003602889517392949
647,Noviip,2.0,0.003602889517392949
648,Battino,2.0,0.003602889517392949
649,Swordjouster,2.0,0.003602889517392949
650,Nurax666,2.0,0.003602889517392949
651,mjlee2003,2.0,0.003602889517392949
652,fireball275v,2.0,0.003602889517392949
653,333xunder333,2.0,0.003602889517392949
654,korelon3321,2.0,0.003602889517392949
655,slimelover2k13,2.0,0.003602889517392949
656,Xorql,2.0,0.003602889517392949
657,Chexxor,2.0,0.003602889517392949
658,Cl0axx,2.0,0.003602889517392949
659,Hoode,2.0,0.003602889517392949
660,CloutGamner,2.0,0.003602889517392949
661,TheKidPrince936,2.0,0.003602889517392949
662,alphapanda52,2.0,0.003602889517392949
663,Jhnv,2.0,0.003602889517392949
664,BigOKlips,2.0,0.003602889517392949
665,Nepither,2.0,0.003602889517392949
666,gman27gs,2.0,0.003602889517392949
667,DaTaMC_,2.0,0.003602889517392949
668,Nuuz,2.0,0.003602889517392949
669,YottaYT,2.0,0.003602889517392949
670,The_Poro_King,2.0,0.003602889517392949
671,Sobrain1337,2.0,0.003602889517392949
672,theprobanana081,2.0,0.003602889517392949
673,flopdood,2.0,0.003602889517392949
674,_pingwarrior,2.0,0.003602889517392949
675,ToreBj,2.0,0.003602889517392949
676,MalevichwlaD,2.0,0.003602889517392949
677,Sumu951,2.0,0.003602889517392949
678,sillyslappy,2.0,0.003602889517392949
679,0tjb,2.0,0.003602889517392949
680,littlecubes2,2.0,0.003602889517392949
681,datgillyweed,2.0,0.003602889517392949
682,Tornadoking1,2.0,0.003602889517392949
683,FreddyStudio0,2.0,0.003602889517392949
684,DonitaLikePP,2.0,0.003602889517392949
685,Mrkiller663,2.0,0.003602889517392949
686,tonytarantula,2.0,0.003602889517392949
687,Alt3_,2.0,0.003602889517392949
688,axber,2.0,0.003602889517392949
689,DUSTORM,2.0,0.003602889517392949
690,hero1471,2.0,0.003602889517392949
691,Vilsas,2.0,0.003602889517392949
692,Niteryder007,2.0,0.003602889517392949
693,XZXAPEVK,2.0,0.003602889517392949
694,littlemoth_,2.0,0.003602889517392949
695,didntcap,2.0,0.003602889517392949
696,Boomysauce,2.0,0.003602889517392949
697,Klemenator,2.0,0.003602889517392949
698,SalC1,2.0,0.003602889517392949
699,Filipe327,2.0,0.003602889517392949
700,VillagerFilms,2.0,0.003602889517392949
701,Chezz__,2.0,0.003602889517392949
702,ThePvPNoob_06,2.0,0.003602889517392949
703,DubLux,2.0,0.003602889517392949
704,Futh,2.0,0.003602889517392949
705,ImpulseOP,2.0,0.003602889517392949
706,Thepenguin9,2.0,0.003602889517392949
707,ByePie,2.0,0.003602889517392949
708,TabascoPants,2.0,0.003602889517392949
709,saxon78,2.0,0.003602889517392949
710,GoofyGecko,2.0,0.003602889517392949
711,Mure222,2.0,0.003602889517392949
712,astr0nomic,2.0,0.003602889517392949
713,Frogss,2.0,0.003602889517392949
714,10100,2.0,0.003602889517392949
715,FLLMALL,2.0,0.003602889517392949
716,njskill,2.0,0.003602889517392949
717,thedude502,2.0,0.003602889517392949
718,LavaBow,2.0,0.003602889517392949
719,AdamRayenAnas,2.0,0.003602889517392949
720,FinnishOne,2.0,0.003602889517392949
721,aceuwu,2.0,0.003602889517392949
722,Nufti,2.0,0.003602889517392949
723,G4723,2.0,0.003602889517392949
724,WomenAreObjects,2.0,0.003602889517392949
725,jcaa12345677,2.0,0.003602889517392949
726,Gobbledywa,2.0,0.003602889517392949
727,Escrit,2.0,0.003602889517392949
728,Fedorov,2.0,0.003602889517392949
729,diggm243,2.0,0.003602889517392949
730,Pigeonz,2.0,0.003602889517392949
731,mcff,2.0,0.003602889517392949
732,nonvigintillion,2.0,0.003602889517392949
733,Jackb1379,2.0,0.003602889517392949
734,_Smackimus_,2.0,0.003602889517392949
735,princecraft350,2.0,0.003602889517392949
736,Warpeer,2.0,0.003602889517392949
737,Shrimpps,2.0,0.003602889517392949
738,3233,2.0,0.003602889517392949
739,WillTh3Pill,2.0,0.003602889517392949
740,Uwutimer,2.0,0.003602889517392949
741,BarrenDomeSex,2.0,0.003602889517392949
742,LXDE,2.0,0.003602889517392949
743,jenson2956,2.0,0.003602889517392949
744,Textx,2.0,0.003602889517392949
745,BlackAsNight,2.0,0.003602889517392949
746,HMGPLYR,1.0,0.0018014447586964745
747,ChooseNewMine,1.0,0.0018014447586964745
748,okinahiru,1.0,0.0018014447586964745
749,TheInfInventor,1.0,0.0018014447586964745
750,EpicCrafter03,1.0,0.0018014447586964745
751,KingOfGames246,1.0,0.0018014447586964745
752,Wendy00,1.0,0.0018014447586964745
753,lamo88,1.0,0.0018014447586964745
754,ONI_MIKO,1.0,0.0018014447586964745
755,Z0kk0z,1.0,0.0018014447586964745
756,Kienlabadao,1.0,0.0018014447586964745
757,wowloop,1.0,0.0018014447586964745
758,Skenky,1.0,0.0018014447586964745
759,EtikaNetwork,1.0,0.0018014447586964745
760,Sustention,1.0,0.0018014447586964745
761,irkt11,1.0,0.0018014447586964745
762,PsychicCirno,1.0,0.0018014447586964745
763,Thehappyemperor,1.0,0.0018014447586964745
764,DavRiCZ,1.0,0.0018014447586964745
765,miCOOL,1.0,0.0018014447586964745
766,Cursore,1.0,0.0018014447586964745
767,Dartharsch,1.0,0.0018014447586964745
768,Corriisabamf,1.0,0.0018014447586964745
769,beekeeper11,1.0,0.0018014447586964745
770,_Krypt1c_,1.0,0.0018014447586964745
771,physicsnurd,1.0,0.0018014447586964745
772,Viktor951,1.0,0.0018014447586964745
773,zozo9177,1.0,0.0018014447586964745
774,Fumy,1.0,0.0018014447586964745
775,Enver_Pasa,1.0,0.0018014447586964745
776,Viktor01,1.0,0.0018014447586964745
777,MRbenso,1.0,0.0018014447586964745
778,limbolegs,1.0,0.0018014447586964745
779,Suizid_Hase,1.0,0.0018014447586964745
780,nix2025,1.0,0.0018014447586964745
781,jony_aguilar,1.0,0.0018014447586964745
782,2b7,1.0,0.0018014447586964745
783,Utilaty,1.0,0.0018014447586964745
784,alfred1905,1.0,0.0018014447586964745
785,twining_t86,1.0,0.0018014447586964745
786,Kirahkani,1.0,0.0018014447586964745
787,GenderPretender,1.0,0.0018014447586964745
788,GZ7,1.0,0.0018014447586964745
789,50Xavier8,1.0,0.0018014447586964745
790,KLRSxJoker,1.0,0.0018014447586964745
791,skyny22,1.0,0.0018014447586964745
792,Grodzio122,1.0,0.0018014447586964745
793,Vangsguard,1.0,0.0018014447586964745
794,Author15069,1.0,0.0018014447586964745
795,AyKay_Kon,1.0,0.0018014447586964745
796,PBSpiralGamer,1.0,0.0018014447586964745
797,thephiliphiker,1.0,0.0018014447586964745
798,EnteAusKuba,1.0,0.0018014447586964745
799,ZH13,1.0,0.0018014447586964745
800,fronczok,1.0,0.0018014447586964745
801,ESK8,1.0,0.0018014447586964745
802,Zerniax,1.0,0.0018014447586964745
803,Ursling,1.0,0.0018014447586964745
804,Coolbubble99,1.0,0.0018014447586964745
805,ImJohne,1.0,0.0018014447586964745
806,Carlovich_,1.0,0.0018014447586964745
807,filip_the_duck,1.0,0.0018014447586964745
808,_L_____I_____T_,1.0,0.0018014447586964745
809,Loligirl,1.0,0.0018014447586964745
810,Ceraview,1.0,0.0018014447586964745
811,Butty49,1.0,0.0018014447586964745
812,Master_Squidward,1.0,0.0018014447586964745
813,Ifrogotagainyay,1.0,0.0018014447586964745
814,lovable_chicken,1.0,0.0018014447586964745
815,polarHenry,1.0,0.0018014447586964745
816,d_e_a_f,1.0,0.0018014447586964745
817,KutMasta00,1.0,0.0018014447586964745
818,SirDumpster,1.0,0.0018014447586964745
819,n1776,1.0,0.0018014447586964745
820,metword,1.0,0.0018014447586964745
821,NobeyMan,1.0,0.0018014447586964745
822,Ximonite2,1.0,0.0018014447586964745
823,EMILIANHRX,1.0,0.0018014447586964745
824,AwesomeFirestar,1.0,0.0018014447586964745
825,Ridascxz,1.0,0.0018014447586964745
826,_MrSho3man_,1.0,0.0018014447586964745
827,AWIN7463,1.0,0.0018014447586964745
828,RTE1,1.0,0.0018014447586964745
829,junglewood31,1.0,0.0018014447586964745
830,FrenB,1.0,0.0018014447586964745
831,Wkitor,1.0,0.0018014447586964745
832,MarioJr333,1.0,0.0018014447586964745
833,Aitordo51,1.0,0.0018014447586964745
834,MarijuanaBot,1.0,0.0018014447586964745
835,Lawzypher,1.0,0.0018014447586964745
836,Vercureria,1.0,0.0018014447586964745
837,inab,1.0,0.0018014447586964745
838,N3TTY,1.0,0.0018014447586964745
839,Catcrafter_03,1.0,0.0018014447586964745
840,J896151,1.0,0.0018014447586964745
841,TrojanHorse007,1.0,0.0018014447586964745
842,6ne,1.0,0.0018014447586964745
843,Oliver5078,1.0,0.0018014447586964745
844,Vecary,1.0,0.0018014447586964745
845,DioMezzo,1.0,0.0018014447586964745
846,BlqckSweat,1.0,0.0018014447586964745
847,CheckerUssr,1.0,0.0018014447586964745
848,HassanGamer456,1.0,0.0018014447586964745
849,Souljadoc99,1.0,0.0018014447586964745
850,Droper2714,1.0,0.0018014447586964745
851,Jacopo090,1.0,0.0018014447586964745
852,Mmc_,1.0,0.0018014447586964745
853,Dojje,1.0,0.0018014447586964745
854,PandaGoat83,1.0,0.0018014447586964745
855,OneByteofMight,1.0,0.0018014447586964745
856,Fiziey,1.0,0.0018014447586964745
857,GisALick,1.0,0.0018014447586964745
858,Fuskion,1.0,0.0018014447586964745
859,Smiley_Paper,1.0,0.0018014447586964745
860,t8rt0t,1.0,0.0018014447586964745
861,Shadow_Ultra,1.0,0.0018014447586964745
862,BillusX,1.0,0.0018014447586964745
863,DebowCranks,1.0,0.0018014447586964745
864,Heck_Master,1.0,0.0018014447586964745
865,JMouse21,1.0,0.0018014447586964745
866,Adolf_Hitler_Jew,1.0,0.0018014447586964745
867,MilkyIce,1.0,0.0018014447586964745
868,yvng_,1.0,0.0018014447586964745
869,FakeNinja146,1.0,0.0018014447586964745
870,xSatvrn,1.0,0.0018014447586964745
871,Concrafter4k,1.0,0.0018014447586964745
872,lincoleo12,1.0,0.0018014447586964745
873,Slimy_Elytra,1.0,0.0018014447586964745
874,mateyro999,1.0,0.0018014447586964745
875,LabRat99,1.0,0.0018014447586964745
876,Slabbedusk,1.0,0.0018014447586964745
877,dearthegamer,1.0,0.0018014447586964745
878,Deathbringer666,1.0,0.0018014447586964745
879,fahx,1.0,0.0018014447586964745
880,SillyDilly222,1.0,0.0018014447586964745
881,8d8a,1.0,0.0018014447586964745
882,premiumwinston,1.0,0.0018014447586964745
883,UnknownEliteSZN,1.0,0.0018014447586964745
884,JayC33Bee,1.0,0.0018014447586964745
885,kriddel,1.0,0.0018014447586964745
886,RubenKnijn,1.0,0.0018014447586964745
887,Zrapovic,1.0,0.0018014447586964745
888,SpiritMayo,1.0,0.0018014447586964745
889,Farmen04,1.0,0.0018014447586964745
890,imtheonlyguy,1.0,0.0018014447586964745
891,lesye,1.0,0.0018014447586964745
892,rytmus420,1.0,0.0018014447586964745
893,devbro5000,1.0,0.0018014447586964745
894,Moi_V2,1.0,0.0018014447586964745
895,marvhus,1.0,0.0018014447586964745
896,_Skeptical_,1.0,0.0018014447586964745
897,Carbrator,1.0,0.0018014447586964745
898,SquatZ,1.0,0.0018014447586964745
899,craftbg10,1.0,0.0018014447586964745
900,flemd0gga,1.0,0.0018014447586964745
901,Meatyfrog,1.0,0.0018014447586964745
902,ImFel1x,1.0,0.0018014447586964745
903,JanBurian06,1.0,0.0018014447586964745
904,Erruman,1.0,0.0018014447586964745
905,RobertHarild,1.0,0.0018014447586964745
906,Mobmurder68,1.0,0.0018014447586964745
907,Mindphoenix,1.0,0.0018014447586964745
908,MaiF_Peanut,1.0,0.0018014447586964745
909,VyMaster323,1.0,0.0018014447586964745
910,QW83,1.0,0.0018014447586964745
911,SpaceApple16,1.0,0.0018014447586964745
912,xyLotus,1.0,0.0018014447586964745
913,MyWifeLeftMe666,1.0,0.0018014447586964745
914,KayPox,1.0,0.0018014447586964745
915,StillCoryBro,1.0,0.0018014447586964745
916,JMasterBuild,1.0,0.0018014447586964745
917,louisboss99,1.0,0.0018014447586964745
918,Ciguato,1.0,0.0018014447586964745
919,Nafekop,1.0,0.0018014447586964745
920,zxow,1.0,0.0018014447586964745
921,ShoppingCartNuts,1.0,0.0018014447586964745
922,DitDit,1.0,0.0018014447586964745
923,1tiddie,1.0,0.0018014447586964745
924,EnderPredator,1.0,0.0018014447586964745
925,No_Name_Avalible,1.0,0.0018014447586964745
926,gal_je_v_zalo,1.0,0.0018014447586964745
927,TBCLemania,1.0,0.0018014447586964745
928,slick76802,1.0,0.0018014447586964745
929,brokenpocket338,1.0,0.0018014447586964745
930,SirAndrewIII,1.0,0.0018014447586964745
931,KAktycc,1.0,0.0018014447586964745
932,stepho2003,1.0,0.0018014447586964745
933,Axel_man,1.0,0.0018014447586964745
934,SaddestOfFaces,1.0,0.0018014447586964745
935,Tinkerbell135,1.0,0.0018014447586964745
936,Wholesomchap,1.0,0.0018014447586964745
937,Gri_,1.0,0.0018014447586964745
938,LeafyOnion,1.0,0.0018014447586964745
939,8ey,1.0,0.0018014447586964745
940,DannyMorten,1.0,0.0018014447586964745
941,devster_LP,1.0,0.0018014447586964745
942,Trinal_MC,1.0,0.0018014447586964745
943,_KingVice_,1.0,0.0018014447586964745
944,zonka_bonka,1.0,0.0018014447586964745
945,GusTheJackal,1.0,0.0018014447586964745
946,koekebakker01,1.0,0.0018014447586964745
947,Gulaggh,1.0,0.0018014447586964745
948,OdiesGames,1.0,0.0018014447586964745
949,jvadi,1.0,0.0018014447586964745
950,1islessthan2,1.0,0.0018014447586964745
951,Overtime2005,1.0,0.0018014447586964745
952,StyvMC,1.0,0.0018014447586964745
953,ron_xd,1.0,0.0018014447586964745
954,TwitchPrimee_,1.0,0.0018014447586964745
955,NickT_,1.0,0.0018014447586964745
956,ThomasBE,1.0,0.0018014447586964745
957,EricBarros15,1.0,0.0018014447586964745
958,HardwareVirus,1.0,0.0018014447586964745
959,Nuuskat,1.0,0.0018014447586964745
960,minya15,1.0,0.0018014447586964745
961,NinjaOfOrthanc,1.0,0.0018014447586964745
962,YoungHands,1.0,0.0018014447586964745
963,DiggeyDug,1.0,0.0018014447586964745
964,MutantNuggets78,1.0,0.0018014447586964745
965,23Ethan233,1.0,0.0018014447586964745
966,ImDqckGR,1.0,0.0018014447586964745
967,August4B1,1.0,0.0018014447586964745
968,_Perio_,1.0,0.0018014447586964745
969,bombsgamer2221,1.0,0.0018014447586964745
970,Franky4370,1.0,0.0018014447586964745
971,Tonicc_,1.0,0.0018014447586964745
972,YoloParkour3,1.0,0.0018014447586964745
973,DerpPigs,1.0,0.0018014447586964745
974,IMadeYouMuffins,1.0,0.0018014447586964745
975,MeeRoi,1.0,0.0018014447586964745
976,HMS_DUNCAN,1.0,0.0018014447586964745
977,breakdance1000,1.0,0.0018014447586964745
978,Rodingo,1.0,0.0018014447586964745
979,TwoJohnnies,1.0,0.0018014447586964745
980,UnAll,1.0,0.0018014447586964745
981,Royal_24k,1.0,0.0018014447586964745
982,MihyFTW,1.0,0.0018014447586964745
983,KillerSquid100,1.0,0.0018014447586964745
984,L0WREV,1.0,0.0018014447586964745
985,L4hna,1.0,0.0018014447586964745
986,JustAllanNL,1.0,0.0018014447586964745
987,h0tpockets,1.0,0.0018014447586964745
988,SkyKreeper,1.0,0.0018014447586964745
989,xAndrqw,1.0,0.0018014447586964745
990,J3Rz0,1.0,0.0018014447586964745
991,DingleDangleDoff,1.0,0.0018014447586964745
992,ForgotenFleets,1.0,0.0018014447586964745
993,KhaosKing7,1.0,0.0018014447586964745
994,seizure_slayer95,1.0,0.0018014447586964745
995,GuiJol,1.0,0.0018014447586964745
996,YT_Pigeon,1.0,0.0018014447586964745
997,ryandmcmahon,1.0,0.0018014447586964745
998,Vinister155,1.0,0.0018014447586964745
999,Jman367,1.0,0.0018014447586964745
1000,ChatN0ir,1.0,0.0018014447586964745
1001,Djgames15,1.0,0.0018014447586964745
1002,spazzywazzykins,1.0,0.0018014447586964745
1003,Mag_D_Goldmen,1.0,0.0018014447586964745
1004,tinkertoe,1.0,0.0018014447586964745
1005,Darkll_,1.0,0.0018014447586964745
1006,TH3Eimis,1.0,0.0018014447586964745
1007,hyperdefined,1.0,0.0018014447586964745
1008,joefridd,1.0,0.0018014447586964745
1009,CrankySupertoon,1.0,0.0018014447586964745
1010,Skinkis,1.0,0.0018014447586964745
1011,Calebou767,1.0,0.0018014447586964745
1012,LeSpawnFag,1.0,0.0018014447586964745
1013,Superlooma,1.0,0.0018014447586964745
1014,m0nkeych0w,1.0,0.0018014447586964745
1015,sparkybooman27,1.0,0.0018014447586964745
1016,ThePurpleLamp,1.0,0.0018014447586964745
1017,xX_SweatyPalm_Xx,1.0,0.0018014447586964745
1018,Noks_Boy,1.0,0.0018014447586964745
1019,lemmetellyou5,1.0,0.0018014447586964745
1020,Ell1ngen,1.0,0.0018014447586964745
1021,Ur_MumZ_likeZ_Me,1.0,0.0018014447586964745
1022,SuperKnox,1.0,0.0018014447586964745
1023,SolemnStag,1.0,0.0018014447586964745
1024,MuzzyCerdo,1.0,0.0018014447586964745
1025,BrokedBlade,1.0,0.0018014447586964745
1026,minethatshoot,1.0,0.0018014447586964745
1027,Lyme56,1.0,0.0018014447586964745
1028,kinglyzalt2,1.0,0.0018014447586964745
1029,Djf211,1.0,0.0018014447586964745
1030,Nicka12,1.0,0.0018014447586964745
1031,ViktorDr,1.0,0.0018014447586964745
1032,th3m4d,1.0,0.0018014447586964745
1033,xTz0y,1.0,0.0018014447586964745
1034,Kittydude59,1.0,0.0018014447586964745
1035,PowderyCraftwork,1.0,0.0018014447586964745
1036,TBNRcactus2_0,1.0,0.0018014447586964745
1037,FireExtinguisher,1.0,0.0018014447586964745
1038,Loignon,1.0,0.0018014447586964745
1039,Findachan,1.0,0.0018014447586964745
1040,JakobaCleva,1.0,0.0018014447586964745
1041,Blee2005,1.0,0.0018014447586964745
1042,Chlain,1.0,0.0018014447586964745
1043,JellyBellyPetRat,1.0,0.0018014447586964745
1044,N0obking1,1.0,0.0018014447586964745
1045,Maj0rP3nguin,1.0,0.0018014447586964745
1046,Dino_Nuggie,1.0,0.0018014447586964745
1047,Rockwing,1.0,0.0018014447586964745
1048,PeterKMiner,1.0,0.0018014447586964745
1049,Gubbo_99,1.0,0.0018014447586964745
1050,Enderby13,1.0,0.0018014447586964745
1051,mustypit,1.0,0.0018014447586964745
1052,Deport_Mexicans,1.0,0.0018014447586964745
1053,Saintborn,1.0,0.0018014447586964745
1054,TheRealDillyBar,1.0,0.0018014447586964745
1055,j_supernova,1.0,0.0018014447586964745
1056,shadowgame0801,1.0,0.0018014447586964745
1057,eude_,1.0,0.0018014447586964745
1058,JebGamez,1.0,0.0018014447586964745
1059,durangosam,1.0,0.0018014447586964745
1060,llkazier,1.0,0.0018014447586964745
1061,Coolerman1001,1.0,0.0018014447586964745
1062,SWiPww,1.0,0.0018014447586964745
1063,gamesquire,1.0,0.0018014447586964745
1064,YaboiMuggy,1.0,0.0018014447586964745
1065,ok_icant,1.0,0.0018014447586964745
1066,lumpley3,1.0,0.0018014447586964745
1067,Z4CD,1.0,0.0018014447586964745
1068,GraveRipper666,1.0,0.0018014447586964745
1069,TurtleMaker,1.0,0.0018014447586964745
1070,big_cum,1.0,0.0018014447586964745
1071,trytryw,1.0,0.0018014447586964745
1072,Pork_Genius,1.0,0.0018014447586964745
1073,Lukeyman7,1.0,0.0018014447586964745
1074,Nyr_1,1.0,0.0018014447586964745
1075,Nut_Rag,1.0,0.0018014447586964745
1076,mavi_qan,1.0,0.0018014447586964745
1077,Spiffy_Hat,1.0,0.0018014447586964745
1078,Bastelmischi,1.0,0.0018014447586964745
1079,muffintime_uwu,1.0,0.0018014447586964745
1080,MattSucc,1.0,0.0018014447586964745
1081,JenJ123uk,1.0,0.0018014447586964745
1082,iFrog,1.0,0.0018014447586964745
1083,Brenthom,1.0,0.0018014447586964745
1084,5N5N,1.0,0.0018014447586964745
1085,xigel,1.0,0.0018014447586964745
1086,sanfrancisco11,1.0,0.0018014447586964745
1087,Mumdeex,1.0,0.0018014447586964745
1088,xifluffx,1.0,0.0018014447586964745
1089,Salty046,1.0,0.0018014447586964745
1090,EggBoyes,1.0,0.0018014447586964745
1091,Bloodnard,1.0,0.0018014447586964745
1092,Drastics,1.0,0.0018014447586964745
1093,lightcon,1.0,0.0018014447586964745
1094,Change_Climate,1.0,0.0018014447586964745
1095,HardWallWASTAKEN,1.0,0.0018014447586964745
1096,onewhiffbogey,1.0,0.0018014447586964745
1097,Kyyteo,1.0,0.0018014447586964745
1098,KingdomKeyblade,1.0,0.0018014447586964745
1099,fritzz_2343,1.0,0.0018014447586964745
1100,Rickertttt,1.0,0.0018014447586964745
1101,Kape06,1.0,0.0018014447586964745
1102,Sayuri_Yuto,1.0,0.0018014447586964745
1103,SunBraxel,1.0,0.0018014447586964745
1104,instrumentking45,1.0,0.0018014447586964745
1105,Monkey_Paw,1.0,0.0018014447586964745
1106,WonderMC,1.0,0.0018014447586964745
1107,Bizye,1.0,0.0018014447586964745
1108,General_Smooth,1.0,0.0018014447586964745
1109,WilliamRopke,1.0,0.0018014447586964745
1110,Everending,1.0,0.0018014447586964745
1111,viceroy__,1.0,0.0018014447586964745
1112,LucidLullabye,1.0,0.0018014447586964745
1113,Human69,1.0,0.0018014447586964745
1114,5nt,1.0,0.0018014447586964745
1115,BeaverControl,1.0,0.0018014447586964745
1116,ANDREWMANTHEKING,1.0,0.0018014447586964745
1117,Lomazithera,1.0,0.0018014447586964745
1118,0800,1.0,0.0018014447586964745
1119,JuannCraft_12,1.0,0.0018014447586964745
1120,AndreTheDragon,1.0,0.0018014447586964745
1121,AngeloWithCoffee,1.0,0.0018014447586964745
1122,leopardgaming27,1.0,0.0018014447586964745
1123,britfj183,1.0,0.0018014447586964745
1124,Trimpsuz,1.0,0.0018014447586964745
1125,Tr_KinqNiqht,1.0,0.0018014447586964745
1126,Torbomious,1.0,0.0018014447586964745
1127,_AutumnFox_,1.0,0.0018014447586964745
1128,Memo240,1.0,0.0018014447586964745
1129,firne_,1.0,0.0018014447586964745
1130,XxXDYsXxX,1.0,0.0018014447586964745
1131,_SlenderMelon,1.0,0.0018014447586964745
1132,Toho05,1.0,0.0018014447586964745
1133,Dirtdigger100,1.0,0.0018014447586964745
1134,Diminik_Playz,1.0,0.0018014447586964745
1135,7358,1.0,0.0018014447586964745
1136,muratkaan,1.0,0.0018014447586964745
1137,Playstaion,1.0,0.0018014447586964745
1138,TheFir3Man,1.0,0.0018014447586964745
1139,QQxml,1.0,0.0018014447586964745
1140,DelfininsJezus,1.0,0.0018014447586964745
1141,GamingNerd,1.0,0.0018014447586964745
1142,AzasalTheDev,1.0,0.0018014447586964745
1143,chaboza,1.0,0.0018014447586964745
1144,realkiviii_,1.0,0.0018014447586964745
1145,That0nepotato_,1.0,0.0018014447586964745
1146,Maximumrider,1.0,0.0018014447586964745
1147,Nagow9,1.0,0.0018014447586964745
1148,zcry,1.0,0.0018014447586964745
1149,krzysiumn,1.0,0.0018014447586964745
1150,Real_L0WK3Y,1.0,0.0018014447586964745
1151,Thunderpulse,1.0,0.0018014447586964745
1152,Galaxystaream,1.0,0.0018014447586964745
1153,Yokutto,1.0,0.0018014447586964745
1154,Craftylumadwarf,1.0,0.0018014447586964745
1155,_vvcraft_,1.0,0.0018014447586964745
1156,Bueszqo,1.0,0.0018014447586964745
1157,radiCOOL99,1.0,0.0018014447586964745
1158,Charlie_shibainu,1.0,0.0018014447586964745
1159,ScartTheOne,1.0,0.0018014447586964745
1160,NoSuchFieldError,1.0,0.0018014447586964745
1161,iiRighteous,1.0,0.0018014447586964745
1162,SirBoganThe3rd,1.0,0.0018014447586964745
1163,jc39466,1.0,0.0018014447586964745
1164,CrypticChrono,1.0,0.0018014447586964745
1165,Rightdoing,1.0,0.0018014447586964745
1166,THEREDBARONmvr,1.0,0.0018014447586964745
1167,xNojus900x,1.0,0.0018014447586964745
1168,grumpydude98,1.0,0.0018014447586964745
1169,SoySauceIsNice,1.0,0.0018014447586964745
1170,ApexVenix,1.0,0.0018014447586964745
1171,FilipinoFonzy,1.0,0.0018014447586964745
1172,Iumi,1.0,0.0018014447586964745
1173,Superblooner1,1.0,0.0018014447586964745
1174,alesbejr,1.0,0.0018014447586964745
1175,DonaldDrumpJR,1.0,0.0018014447586964745
1176,ByteException,1.0,0.0018014447586964745
1177,Rasul_Allah,1.0,0.0018014447586964745
1178,Xray_Doc,1.0,0.0018014447586964745
1179,SicilianMade,1.0,0.0018014447586964745
1180,F0rtniteNinja,1.0,0.0018014447586964745
1181,thefruitcake007,1.0,0.0018014447586964745
1182,Smallwar20,1.0,0.0018014447586964745
1183,MeHasChicken,1.0,0.0018014447586964745
1184,Hydelicious,1.0,0.0018014447586964745
1185,Guilliano,1.0,0.0018014447586964745
1186,IGotBannedLoL,1.0,0.0018014447586964745
1187,ZuckerBouerg,1.0,0.0018014447586964745
1188,GiollyJoestar,1.0,0.0018014447586964745
1189,UlasTalha,1.0,0.0018014447586964745
1190,05I,1.0,0.0018014447586964745
1191,Ryaguya,1.0,0.0018014447586964745
1192,Ell1ngen2,1.0,0.0018014447586964745
1193,drewthebeast35,1.0,0.0018014447586964745
1194,Ginh,1.0,0.0018014447586964745
1195,Gr1f,1.0,0.0018014447586964745
1196,123and456_OK,1.0,0.0018014447586964745
1197,appleybies,1.0,0.0018014447586964745
1198,demtios,1.0,0.0018014447586964745
1199,Bibek6219,1.0,0.0018014447586964745
1200,oodim,1.0,0.0018014447586964745
1201,SylvaticZeus,1.0,0.0018014447586964745
1202,Maxyzeta,1.0,0.0018014447586964745
1203,nario11,1.0,0.0018014447586964745
1204,George2040,1.0,0.0018014447586964745
1205,Garciat427,1.0,0.0018014447586964745
1206,NODA5,1.0,0.0018014447586964745
1207,Thonis,1.0,0.0018014447586964745
1208,0stewy0,1.0,0.0018014447586964745
1209,Vezoid,1.0,0.0018014447586964745
1210,DunaFish,1.0,0.0018014447586964745
1211,Not_A_Hacker1,1.0,0.0018014447586964745
1212,FunkadelicPeach,1.0,0.0018014447586964745
1213,codminer22,1.0,0.0018014447586964745
1214,AGuyWhoIsBored,1.0,0.0018014447586964745
1215,REDofficial,1.0,0.0018014447586964745
1216,alee14,1.0,0.0018014447586964745
1217,Kloxified,1.0,0.0018014447586964745
1218,VisualFreat,1.0,0.0018014447586964745
1219,MarQ7,1.0,0.0018014447586964745
1220,GenerationM3lon,1.0,0.0018014447586964745
1221,Cutreaper,1.0,0.0018014447586964745
1222,ItsYoungDaddy,1.0,0.0018014447586964745
1223,test_subject_2,1.0,0.0018014447586964745
1224,littlsnek,1.0,0.0018014447586964745
1225,MrPain4774,1.0,0.0018014447586964745
1226,Envez,1.0,0.0018014447586964745
1227,pigkiller3,1.0,0.0018014447586964745
1228,D5252T_,1.0,0.0018014447586964745
1229,xhayper,1.0,0.0018014447586964745
1230,lewdthigh,1.0,0.0018014447586964745
1231,AMpellionn,1.0,0.0018014447586964745
1232,mueller_minki,1.0,0.0018014447586964745
1233,Oneesama,1.0,0.0018014447586964745
1234,Vegemite420,1.0,0.0018014447586964745
1235,BernieGamer,1.0,0.0018014447586964745
1236,FilleeeE,1.0,0.0018014447586964745
1237,GhostyBoyyTv,1.0,0.0018014447586964745
1238,Danny201010,1.0,0.0018014447586964745
1239,HalalChicken,1.0,0.0018014447586964745
1240,YesVeryShortName,1.0,0.0018014447586964745
1241,Hamoos2051,1.0,0.0018014447586964745
1242,Popcwrn,1.0,0.0018014447586964745
1243,w1llhurst,1.0,0.0018014447586964745
1244,CaptainRedneck,1.0,0.0018014447586964745
1245,Entity3030,1.0,0.0018014447586964745
1246,PSRIX,1.0,0.0018014447586964745
1247,Agent03_,1.0,0.0018014447586964745
1248,tionkje,1.0,0.0018014447586964745
1249,Sky_Fly95,1.0,0.0018014447586964745
1250,T3XYB0Y,1.0,0.0018014447586964745
1251,4taurus,1.0,0.0018014447586964745
1252,Wizard_Lenny,1.0,0.0018014447586964745
1253,Piepcheck,1.0,0.0018014447586964745
1254,Nutii,1.0,0.0018014447586964745
1255,staribblz,1.0,0.0018014447586964745
1256,Wireboi,1.0,0.0018014447586964745
1257,KdsmMc,1.0,0.0018014447586964745
1258,WitherBlossom,1.0,0.0018014447586964745
1259,JulianSPQR,1.0,0.0018014447586964745
1260,Pipiripi,1.0,0.0018014447586964745
1261,KING_L41,1.0,0.0018014447586964745
1262,BLAINROO556,1.0,0.0018014447586964745
1263,im_a_chicken29,1.0,0.0018014447586964745
1264,_eXampL,1.0,0.0018014447586964745
1265,HappyWithU,1.0,0.0018014447586964745
1266,Ropson_,1.0,0.0018014447586964745
1267,olwol,1.0,0.0018014447586964745
1268,ANTIknocky,1.0,0.0018014447586964745
1269,_Thats_Crazy_,1.0,0.0018014447586964745
1270,nullPointerDotJS,1.0,0.0018014447586964745
1271,kingjake12,1.0,0.0018014447586964745
1272,Lawrence_mau5,1.0,0.0018014447586964745
1273,CR266,1.0,0.0018014447586964745
1274,UvaUrsi,1.0,0.0018014447586964745
1275,cloudy_lotus,1.0,0.0018014447586964745
1276,joew77k,1.0,0.0018014447586964745
1277,ZTG_Gaming_YT,1.0,0.0018014447586964745
1278,ArcAngel06,1.0,0.0018014447586964745
1279,DirectXbox,1.0,0.0018014447586964745
1280,AuNi,1.0,0.0018014447586964745
1281,dylanvandenbos,1.0,0.0018014447586964745
1282,lux6000,1.0,0.0018014447586964745
1283,SpinosaurStudios,1.0,0.0018014447586964745
1284,sqtuirtle,1.0,0.0018014447586964745
1285,ArvLT,1.0,0.0018014447586964745
1286,Puppy_Rage,1.0,0.0018014447586964745
1287,will_chill_pill,1.0,0.0018014447586964745
1288,Arpiaz,1.0,0.0018014447586964745
1289,TheProfessor190,1.0,0.0018014447586964745
1290,KMatias_,1.0,0.0018014447586964745
1291,10saq,1.0,0.0018014447586964745
1292,ohWell_,1.0,0.0018014447586964745
1293,Manaball123,1.0,0.0018014447586964745
1294,Darth_Avnar,1.0,0.0018014447586964745
1295,Dormammu,1.0,0.0018014447586964745
1296,Excambaw,1.0,0.0018014447586964745
1297,cumgaggler,1.0,0.0018014447586964745
1298,3_Taylor,1.0,0.0018014447586964745
1299,Xorjt1243,1.0,0.0018014447586964745
1300,yologamer2315,1.0,0.0018014447586964745
1301,Eletric_Guy,1.0,0.0018014447586964745
1302,Ridifag,1.0,0.0018014447586964745
1303,MinecraftAgentX,1.0,0.0018014447586964745
1304,aeorms,1.0,0.0018014447586964745
1305,DodoDavid11,1.0,0.0018014447586964745
1306,SansFromSans,1.0,0.0018014447586964745
1307,Jna9989,1.0,0.0018014447586964745
1308,AUGYLES,1.0,0.0018014447586964745
1309,Treewalker2,1.0,0.0018014447586964745
1310,astrobut,1.0,0.0018014447586964745
1311,Warrior_Ashton69,1.0,0.0018014447586964745
1312,lilbutter,1.0,0.0018014447586964745
1313,Soviet_Chicken69,1.0,0.0018014447586964745
1314,ColdIsFreezing,1.0,0.0018014447586964745
1315,MatteoFloreaYT,1.0,0.0018014447586964745
1316,theMetal973,1.0,0.0018014447586964745
1317,Colin_318,1.0,0.0018014447586964745
1318,PlutoniumKnife,1.0,0.0018014447586964745
1319,moom0o,1.0,0.0018014447586964745
1320,Spectro__,1.0,0.0018014447586964745
1321,ForyxBot,1.0,0.0018014447586964745
1322,punkturkyy,1.0,0.0018014447586964745
1323,DaRealRock,1.0,0.0018014447586964745
1324,Itsmsp,1.0,0.0018014447586964745
1325,thebigcon,1.0,0.0018014447586964745
1326,darkiarmo,1.0,0.0018014447586964745
1327,Gannicus97,1.0,0.0018014447586964745
1328,Sirr0m,1.0,0.0018014447586964745
1329,Yzan_Enoc,1.0,0.0018014447586964745
1330,Socialist_Lenin,1.0,0.0018014447586964745
1331,onomatophobia,1.0,0.0018014447586964745
1332,ChewyBacca,1.0,0.0018014447586964745
1333,CAEC64,1.0,0.0018014447586964745
1334,AmazingTank,1.0,0.0018014447586964745
1335,Ambuh_Bliss,1.0,0.0018014447586964745
1336,_cn,1.0,0.0018014447586964745
1337,aholic1208,1.0,0.0018014447586964745
1338,Bran1111,1.0,0.0018014447586964745
1339,MrKrispyDreams,1.0,0.0018014447586964745
1340,Kazivion,1.0,0.0018014447586964745
1341,Use_Code_Coffee,1.0,0.0018014447586964745
1342,Chrissomethinga,1.0,0.0018014447586964745
1343,Trinicle,1.0,0.0018014447586964745
1344,Diakra,1.0,0.0018014447586964745
1345,LachyPlayWithMe,1.0,0.0018014447586964745
1346,feefT,1.0,0.0018014447586964745
1347,Gugoe,1.0,0.0018014447586964745
1348,AaronTurambar,1.0,0.0018014447586964745
1349,IronGriefer,1.0,0.0018014447586964745
1350,Nastayyyy,1.0,0.0018014447586964745
1351,Kj00l,1.0,0.0018014447586964745
1352,Wasoup,1.0,0.0018014447586964745
1353,TracingButts,1.0,0.0018014447586964745
1354,veape,1.0,0.0018014447586964745
1355,Matthew2400000,1.0,0.0018014447586964745
1356,PracticeTyping,1.0,0.0018014447586964745
1357,Bradyinxd,1.0,0.0018014447586964745
1358,j3xb1,1.0,0.0018014447586964745
1359,AKing_05,1.0,0.0018014447586964745
1360,Th3rm4,1.0,0.0018014447586964745
1361,unwolved,1.0,0.0018014447586964745
1362,GalaxyRedstone,1.0,0.0018014447586964745
1363,takeo090807,1.0,0.0018014447586964745
1364,aidanforest,1.0,0.0018014447586964745
1365,PlatinumByte,1.0,0.0018014447586964745
1366,DerpyWaves,1.0,0.0018014447586964745
1367,Claped,1.0,0.0018014447586964745
1368,_Leaf_blower_,1.0,0.0018014447586964745
1369,robertxd,1.0,0.0018014447586964745
1370,Master981,1.0,0.0018014447586964745
1371,CornishSloth,1.0,0.0018014447586964745
1372,xXLast_LaughXx,1.0,0.0018014447586964745
1373,TheNewEpicGamer,1.0,0.0018014447586964745
1374,UUGUGUFUH,1.0,0.0018014447586964745
1375,LEO_Sandby,1.0,0.0018014447586964745
1376,FilthyCasual268,1.0,0.0018014447586964745
1377,MaxSpacePolice,1.0,0.0018014447586964745
1378,Eckro,1.0,0.0018014447586964745
1379,Wish_Dancer,1.0,0.0018014447586964745
1380,Fobba,1.0,0.0018014447586964745
1381,_comrade,1.0,0.0018014447586964745
1382,laqr,1.0,0.0018014447586964745
1383,5P4,1.0,0.0018014447586964745
1384,Oduru,1.0,0.0018014447586964745
1385,Vertanspy11,1.0,0.0018014447586964745
1386,nixonyy,1.0,0.0018014447586964745
1387,00420,1.0,0.0018014447586964745
1388,Akka5000,1.0,0.0018014447586964745
1389,atxsu,1.0,0.0018014447586964745
1390,Badwolfe44,1.0,0.0018014447586964745
1391,Zych,1.0,0.0018014447586964745
1392,patentedcupid,1.0,0.0018014447586964745
1393,bigred713,1.0,0.0018014447586964745
1394,Multako,1.0,0.0018014447586964745
1395,Clarence_iss,1.0,0.0018014447586964745
1396,Skyfire54,1.0,0.0018014447586964745
1397,Albatros_,1.0,0.0018014447586964745
1398,Kiosk,1.0,0.0018014447586964745
1399,CuSG,1.0,0.0018014447586964745
1400,Kurtis,1.0,0.0018014447586964745
1401,MasterMiner00,1.0,0.0018014447586964745
1402,topaz1000,1.0,0.0018014447586964745
1403,Fargendo,1.0,0.0018014447586964745
1404,_EpicBarbie_,1.0,0.0018014447586964745
1405,RW__,1.0,0.0018014447586964745
1406,caduzingamer,1.0,0.0018014447586964745
1407,opallios,1.0,0.0018014447586964745
1408,LinkzStudmufnz,1.0,0.0018014447586964745
1409,MadahriUchiha,1.0,0.0018014447586964745
1410,n4kk0,1.0,0.0018014447586964745
1411,eetswa1,1.0,0.0018014447586964745
1412,JohnDope,1.0,0.0018014447586964745
1413,Telefonbuch,1.0,0.0018014447586964745
1414,Dinnerbone11,1.0,0.0018014447586964745
1415,vinteogames,1.0,0.0018014447586964745
1416,destroyer__4,1.0,0.0018014447586964745
1417,Ameliaaaaaaaa,1.0,0.0018014447586964745
1418,Itakecoldshowers,1.0,0.0018014447586964745
1419,CraftyBizYT,1.0,0.0018014447586964745
1420,NGTnick,1.0,0.0018014447586964745
1421,Tboss2005,1.0,0.0018014447586964745
1422,ReaginicPeak_3,1.0,0.0018014447586964745
1423,CoffeeByte,1.0,0.0018014447586964745
1424,mastco,1.0,0.0018014447586964745
1425,TeamBDL,1.0,0.0018014447586964745
1426,InfiniteFalcon,1.0,0.0018014447586964745
1427,survivorz12,1.0,0.0018014447586964745
1428,tweimann,1.0,0.0018014447586964745
1429,MinimiKeksi,1.0,0.0018014447586964745
1430,KanzakiRanko,1.0,0.0018014447586964745
1431,ms__dos,1.0,0.0018014447586964745
1432,Lgbboom,1.0,0.0018014447586964745
1433,KediBey1,1.0,0.0018014447586964745
1434,WaluigiRadio,1.0,0.0018014447586964745
1435,BoomPlayerXD,1.0,0.0018014447586964745
1436,DORIME_INTERIMO,1.0,0.0018014447586964745
1437,frantheman6969,1.0,0.0018014447586964745
1438,DSHalophile,1.0,0.0018014447586964745
1439,EMYLSON,1.0,0.0018014447586964745
1440,Zlbmtnhp,1.0,0.0018014447586964745
1441,NateHiggers911,1.0,0.0018014447586964745
1442,girl4,1.0,0.0018014447586964745
1443,CheeseAttack56,1.0,0.0018014447586964745
1444,akrious,1.0,0.0018014447586964745
1445,2bella,1.0,0.0018014447586964745
1446,Macaroon_Nuggets,1.0,0.0018014447586964745
1447,_Loophole_,1.0,0.0018014447586964745
1448,HYPlCKLE,1.0,0.0018014447586964745
1449,Dreexz,1.0,0.0018014447586964745
1450,patatita,1.0,0.0018014447586964745
1451,_F0X,1.0,0.0018014447586964745
1452,siggebig7,1.0,0.0018014447586964745
1453,mighty99,1.0,0.0018014447586964745
1454,verywetloli,1.0,0.0018014447586964745
1455,Bass_drummer,1.0,0.0018014447586964745
1456,simonryv,1.0,0.0018014447586964745
1457,Bombniks,1.0,0.0018014447586964745
1458,cameramanalex,1.0,0.0018014447586964745
1459,EziX__,1.0,0.0018014447586964745
1460,G0erg,1.0,0.0018014447586964745
1461,BpersonW,1.0,0.0018014447586964745
1462,Cap_with_a_K,1.0,0.0018014447586964745
1463,BeckettAsher,1.0,0.0018014447586964745
1464,JadenASAP,1.0,0.0018014447586964745
1465,protu,1.0,0.0018014447586964745
1466,TindiRindi,1.0,0.0018014447586964745
1467,Imakilla4567,1.0,0.0018014447586964745
1468,NightwolfXVI,1.0,0.0018014447586964745
1469,Nodimius,1.0,0.0018014447586964745
1470,RonikJ,1.0,0.0018014447586964745
1471,cory0905,1.0,0.0018014447586964745
1472,RuztyZ,1.0,0.0018014447586964745
1473,BenjysHyper,1.0,0.0018014447586964745
1474,Apollo2016,1.0,0.0018014447586964745
1475,Komplecks,1.0,0.0018014447586964745
1476,Sheebainu,1.0,0.0018014447586964745
1477,TTStyle_,1.0,0.0018014447586964745
1478,MoreRice48,1.0,0.0018014447586964745
1479,chachi_lou,1.0,0.0018014447586964745
1480,CamlePvP,1.0,0.0018014447586964745
1481,4956,1.0,0.0018014447586964745
1482,fruitpiey,1.0,0.0018014447586964745
1483,Namy_McNameface,1.0,0.0018014447586964745
1484,matsgaming1,1.0,0.0018014447586964745
1485,CyBeRgG0aT,1.0,0.0018014447586964745
1486,Wrepsk,1.0,0.0018014447586964745
1487,BEAST_FLAME_99er,1.0,0.0018014447586964745
1488,M_I_X_E_D,1.0,0.0018014447586964745
1489,Kernel_Ironsides,1.0,0.0018014447586964745
1490,Lennie,1.0,0.0018014447586964745
1491,slipperyVEVO,1.0,0.0018014447586964745
1492,GuppySoap,1.0,0.0018014447586964745
1493,owstrev,1.0,0.0018014447586964745
1494,Jonathan6D,1.0,0.0018014447586964745
1495,RikyBiky,1.0,0.0018014447586964745
1496,DanExplorer,1.0,0.0018014447586964745
1497,IPLAYALLDAY,1.0,0.0018014447586964745
1498,ZiggyMcDude,1.0,0.0018014447586964745
1499,Merlino42069,1.0,0.0018014447586964745
1500,Heronicola,1.0,0.0018014447586964745
1501,chaotickingex,1.0,0.0018014447586964745
1502,Temantor,1.0,0.0018014447586964745
1503,Handsome_TIGER,1.0,0.0018014447586964745
1504,cazade,1.0,0.0018014447586964745
1505,Altazium,1.0,0.0018014447586964745
1506,Tr3bla7,1.0,0.0018014447586964745
1507,Gargamela123,1.0,0.0018014447586964745
1508,MultiGamerClub,1.0,0.0018014447586964745
1509,Pyro_Looga,1.0,0.0018014447586964745
1510,Zoeyorly,1.0,0.0018014447586964745
1511,MrMcyeet,1.0,0.0018014447586964745
1512,lassseeeee,1.0,0.0018014447586964745
1513,TheRealBooBoo,1.0,0.0018014447586964745
1514,TheHandsomeSlime,1.0,0.0018014447586964745
1515,QarazFire,1.0,0.0018014447586964745
1516,Swixels,1.0,0.0018014447586964745
1517,TutelaryPainter,1.0,0.0018014447586964745
1518,TheBeastOFNight,1.0,0.0018014447586964745
1519,ChristianToons,1.0,0.0018014447586964745
1520,alwin606,1.0,0.0018014447586964745
